-- Inserir em categoria
INSERT INTO Categoria (ID_Categoria, Nome_Categoria, Descricao) VALUES
(1, 'Ficção', 'Livros de ficção literária.'),
(2, 'Não Ficção', 'Livros que tratam de assuntos reais.'),
(3, 'Ciência', 'Livros de ciências naturais e exatas.'),
(4, 'Biografia', 'Histórias da vida de pessoas.'),
(5, 'História', 'Livros sobre eventos históricos.');

-- Inserir em editora
INSERT INTO Editora (ID_Editora, Nome_Editora, Endereco, Telefone) VALUES
(1, 'Editora Alpha', 'Rua A, 123, São Paulo, SP', '(11) 1234-5678'),
(2, 'Editora Beta', 'Avenida B, 456, Rio de Janeiro, RJ', '(21) 2345-6789'),
(3, 'Editora Gamma', 'Praça C, 789, Belo Horizonte, MG', '(31) 3456-7890'),
(4, 'Editora Delta', 'Rua D, 101, Curitiba, PR', '(41) 4567-8901'),
(5, 'Editora Epsilon', 'Avenida E, 202, Porto Alegre, RS', '(51) 5678-9012');

-- Inserir em autor
INSERT INTO Autor (ID_Autor, Nome, Sobrenome, Data_Nascimento) VALUES
(1, 'João', 'Silva', '1975-05-20'),
(2, 'Maria', 'Santos', '1980-08-15'),
(3, 'Pedro', 'Oliveira', '1965-12-10'),
(4, 'Ana', 'Costa', '1990-03-25'),
(5, 'Carlos', 'Ferreira', '1985-07-30'),
(6, 'Luana', 'Almeida', '1978-11-05'),
(7, 'Bruno', 'Gomes', '1992-02-14'),
(8, 'Fernanda', 'Lima', '1983-09-22'),
(9, 'Rafael', 'Pereira', '1970-04-18'),
(10, 'Juliana', 'Rodrigues', '1988-06-12'),
(11, 'Gabriel', 'Martins', '1995-01-08'),
(12, 'Carla', 'Barbosa', '1973-10-27'),
(13, 'Thiago', 'Mendes', '1986-07-19'),
(14, 'Sofia', 'Ribeiro', '1991-03-03'),
(15, 'Daniel', 'Carvalho', '1979-12-30'),
(16, 'Isabela', 'Dias', '1984-05-16'),
(17, 'Eduardo', 'Souza', '1968-11-11'),
(18, 'Camila', 'Nascimento', '1993-08-08'),
(19, 'Felipe', 'Pinto', '1982-02-25'),
(20, 'Renata', 'Silveira', '1976-09-09');

-- Inserir em livro
INSERT INTO Livro (ID_Livro, Titulo, ISBN, Ano_Publicacao, ID_Categoria, ID_Editora) VALUES
(1, 'O Enigma do Tempo', '978-3-16-148410-0', 2001, 1, 1),
(2, 'Códigos e Algoritmos', '978-1-23-456789-7', 2010, 3, 2),
(3, 'Histórias de Vida', '978-0-12-345678-9', 2015, 4, 3),
(4, 'A Revolução Industrial', '978-4-56-789012-3', 1998, 5, 4),
(5, 'Ciência para Todos', '978-9-87-654321-0', 2020, 3, 5),
(6, 'Ficção Moderna', '978-1-11-111111-1', 2005, 1, 1),
(7, 'Biografias Inspiradoras', '978-2-22-222222-2', 2012, 4, 2),
(8, 'Explorando o Universo', '978-3-33-333333-3', 2008, 3, 3),
(9, 'Guia de História', '978-4-44-444444-4', 1995, 5, 4),
(10, 'Não Ficção Avançada', '978-5-55-555555-5', 2018, 2, 5),
(11, 'Aventura e Fantasia', '978-6-66-666666-6', 2003, 1, 1),
(12, 'Técnicas de Pesquisa', '978-7-77-777777-7', 2011, 2, 2),
(13, 'História da Arte', '978-8-88-888888-8', 1999, 5, 3),
(14, 'Ciência e Tecnologia', '978-9-99-999999-9', 2021, 3, 4),
(15, 'Biografias de Líderes', '978-0-00-000000-0', 2016, 4, 5),
(16, 'Ficção Clássica', '978-1-12-333333-3', 1997, 1, 1),
(17, 'Matemática Aplicada', '978-2-34-444444-4', 2009, 3, 2),
(18, 'Biografia de um Cientista', '978-3-45-555555-5', 2014, 4, 3),
(19, 'História Moderna', '978-4-56-666666-6', 2000, 5, 4),
(20, 'Não Ficção Básica', '978-5-67-777777-7', 2019, 2, 5),
(21, 'Fantasia Épica', '978-6-78-888888-8', 2002, 1, 1),
(22, 'Psicologia para Iniciantes', '978-7-89-999999-9', 2013, 2, 2),
(23, 'História Antiga', '978-8-90-111111-1', 1996, 5, 3),
(24, 'Tecnologia da Informação', '978-9-01-222222-2', 2022, 3, 4),
(25, 'Biografias Famosas', '978-0-12-333333-3', 2017, 4, 5),
(26, 'Ficção Científica', '978-1-23-444444-4', 2004, 1, 1),
(27, 'Engenharia e Tecnologia', '978-2-34-555555-5', 2011, 3, 2),
(28, 'Vida e Obra', '978-3-45-666666-6', 2016, 4, 3),
(29, 'História Contemporânea', '978-4-56-777777-7', 2003, 5, 4),
(30, 'Não Ficção Intermediária', '978-5-67-888888-8', 2021, 2, 5),
(31, 'Romance Histórico', '978-6-78-999999-9', 2007, 1, 1),
(32, 'Sociologia Aplicada', '978-7-89-111111-1', 2015, 2, 2),
(33, 'História Medieval', '978-8-90-222222-2', 1994, 5, 3),
(34, 'Tecnologia Avançada', '978-9-01-333333-3', 2023, 3, 4),
(35, 'Biografias Inspiradoras II', '978-0-12-444444-4', 2018, 4, 5),
(36, 'Ficção Contemporânea', '978-1-23-555555-5', 2006, 1, 1),
(37, 'Filosofia e Ciência', '978-2-34-666666-6', 2012, 3, 2),
(38, 'Biografia de Líderes', '978-3-45-777777-7', 2017, 4, 3),
(39, 'História do Brasil', '978-4-56-888888-8', 1993, 5, 4),
(40, 'Não Ficção Avançada II', '978-5-67-999999-9', 2022, 2, 5);

-- Inserir em membro
INSERT INTO Membro (ID_Membro, Nome, Sobrenome, Email, Data_Registro) VALUES
(1, 'Lucas', 'Moura', 'lucas.moura@gmail.com', '2022-01-15'),
(2, 'Mariana', 'Barros', 'mariana.barros@gmail.com', '2021-05-22'),
(3, 'Diego', 'Fernandes', 'diego.fernandes@gmail.com', '2023-03-10'),
(4, 'Laura', 'Carvalho', 'laura.carvalho@gmail.com', '2020-07-30'),
(5, 'Felipe', 'Silva', 'felipe.silva@gmail.com', '2019-11-05'),
(6, 'Bruna', 'Gonçalves', 'bruna.goncalves@gmail.com', '2022-06-18'),
(7, 'Vinicius', 'Ramos', 'vinicius.ramos@gmail.com', '2021-09-25'),
(8, 'Tatiana', 'Siqueira', 'tatiana.siqueira@gmail.com', '2023-02-14'),
(9, 'Gustavo', 'Pereira', 'gustavo.pereira@gmail.com', '2020-12-01'),
(10, 'Camila', 'Lopes', 'camila.lopes@gmail.com', '2019-04-20'),
(11, 'Renato', 'Martins', 'renato.martins@gmail.com', '2022-08-30'),
(12, 'Patrícia', 'Oliveira', 'patricia.oliveira@gmail.com', '2021-11-11'),
(13, 'Bruno', 'Silveira', 'bruno.silveira@gmail.com', '2023-05-05'),
(14, 'Daniela', 'Costa', 'daniela.costa@gmail.com', '2020-03-17'),
(15, 'Leonardo', 'Gomes', 'leonardo.gomes@gmail.com', '2019-07-23'),
(16, 'Amanda', 'Dias', 'amanda.dias@gmail.com', '2022-10-09'),
(17, 'Fábio', 'Souza', 'fabio.souza@gmail.com', '2021-02-28'),
(18, 'Juliana', 'Nascimento', 'juliana.nascimento@gmail.com', '2023-04-12'),
(19, 'Roberto', 'Pinto', 'roberto.pinto@gmail.com', '2020-06-19'),
(20, 'Gabriela', 'Silveira', 'gabriela.silveira@gmail.com', '2019-09-30'),
(21, 'Eduardo', 'Barbosa', 'eduardo.barbosa@gmail.com', '2022-12-25'),
(22, 'Priscila', 'Mendes', 'priscila.mendes@gmail.com', '2021-08-08'),
(23, 'André', 'Ribeiro', 'andre.ribeiro@gmail.com', '2023-07-14'),
(24, 'Fernanda', 'Carvalho', 'fernanda.carvalho@gmail.com', '2020-10-05'),
(25, 'Rafael', 'Dias', 'rafael.dias@gmail.com', '2019-01-19'),
(26, 'Isabela', 'Souza', 'isabela.souza@gmail.com', '2022-04-27'),
(27, 'Pedro', 'Nascimento', 'pedro.nascimento@gmail.com', '2021-06-16'),
(28, 'Sabrina', 'Pereira', 'sabrina.pereira@gmail.com', '2023-09-03'),
(29, 'Felipe', 'Barbosa', 'felipe.barbosa@gmail.com', '2020-02-22'),
(30, 'Luciana', 'Gomes', 'luciana.gomes@gmail.com', '2019-05-31'),
(31, 'Marcos', 'Fernandes', 'marcos.fernandes@gmail.com', '2022-03-12'),
(32, 'Sonia', 'Dias', 'sonia.dias@gmail.com', '2021-07-19'),
(33, 'Bruno', 'Almeida', 'bruno.almeida@gmail.com', '2023-08-21'),
(34, 'Amanda', 'Silva', 'amanda.silva@gmail.com', '2020-11-30'),
(35, 'Rafaela', 'Pereira', 'rafaela.pereira@gmail.com', '2019-02-14'),
(36, 'Felipe', 'Martins', 'felipe.martins@gmail.com', '2022-05-22'),
(37, 'Camila', 'Ramos', 'camila.ramos@gmail.com', '2021-09-09'),
(38, 'Eduardo', 'Costa', 'eduardo.costa@gmail.com', '2023-01-17'),
(39, 'Juliana', 'Lima', 'juliana.lima@gmail.com', '2020-04-25'),
(40, 'Gustavo', 'Barbosa', 'gustavo.barbosa@gmail.com', '2019-08-08');

-- Inserir em empréstimo
INSERT INTO Emprestimo (ID_Emprestimo, Data_Emprestimo, Data_Devolucao, ID_Membro) VALUES
(1, '2023-01-10', '2023-01-20', 1),
(2, '2023-02-15', '2023-02-25', 2),
(3, '2023-03-05', '2023-03-15', 3),
(4, '2023-04-12', '2023-04-22', 4),
(5, '2023-05-18', '2023-05-28', 5),
(6, '2023-06-20', '2023-07-01', 6),
(7, '2023-07-25', '2023-08-04', 7),
(8, '2023-08-30', '2023-09-09', 8),
(9, '2023-09-15', '2023-09-25', 9),
(10, '2023-10-10', '2023-10-20', 10),
(11, '2023-11-05', '2023-11-15', 11),
(12, '2023-12-12', '2023-12-22', 12),
(13, '2024-01-08', '2024-01-18', 13),
(14, '2024-02-14', '2024-02-24', 14),
(15, '2024-03-19', '2024-03-29', 15),
(16, '2024-04-25', '2024-05-05', 16),
(17, '2024-05-30', '2024-06-09', 17),
(18, '2024-06-15', '2024-06-25', 18),
(19, '2024-07-20', '2024-07-30', 19),
(20, '2024-08-25', '2024-09-04', 20),
(21, '2024-09-30', '2024-10-10', 21),
(22, '2024-10-15', '2024-10-25', 22),
(23, '2024-11-20', '2024-12-01', 23),
(24, '2024-12-05', '2024-12-15', 24),
(25, '2025-01-10', '2025-01-20', 25),
(26, '2025-02-15', '2025-02-25', 26),
(27, '2025-03-20', '2025-04-01', 27),
(28, '2025-04-25', '2025-05-05', 28),
(29, '2025-05-30', '2025-06-09', 29),
(30, '2025-06-15', '2025-06-25', 30),
(31, '2025-07-20', '2025-07-30', 31),
(32, '2025-08-25', '2025-09-04', 32),
(33, '2025-09-30', '2025-10-10', 33),
(34, '2025-10-15', '2025-10-25', 34),
(35, '2025-11-20', '2025-12-01', 35),
(36, '2025-12-05', '2025-12-15', 36),
(37, '2026-01-10', '2026-01-20', 37),
(38, '2026-02-15', '2026-02-25', 38),
(39, '2026-03-20', '2026-03-30', 39),
(40, '2026-04-25', '2026-05-05', 40);

-- Inserir em livro_autor
INSERT INTO Livro_Autor (ID_Livro, ID_Autor, Ordem_Autor) VALUES
(1, 1, 1),
(1, 2, 2),
(2, 3, 1),
(3, 4, 1),
(3, 5, 2),
(3, 6, 3),
(4, 7, 1),
(4, 8, 2),
(5, 9, 1),
(5, 10, 2),
(6, 11, 1),
(7, 12, 1),
(8, 13, 1),
(9, 14, 1),
(10, 15, 1),
(11, 16, 1),
(12, 17, 1),
(13, 18, 1),
(14, 19, 1),
(15, 20, 1),
(16, 1, 1),
(17, 2, 1),
(18, 3, 1),
(19, 4, 1),
(20, 5, 1),
(21, 6, 1),
(22, 7, 1),
(23, 8, 1),
(24, 9, 1),
(25, 10, 1),
(26, 11, 1),
(27, 12, 1),
(28, 13, 1),
(29, 14, 1),
(30, 15, 1),
(31, 16, 1),
(32, 17, 1),
(33, 18, 1),
(34, 19, 1),
(35, 20, 1),
(36, 1, 1),
(37, 2, 1),
(38, 3, 1),
(39, 4, 1),
(40, 5, 1);

-- Inserir em emprestimo_livro
INSERT INTO Emprestimo_Livro (ID_Emprestimo, ID_Livro, Quantidade) VALUES
(1, 1, 1),
(1, 2, 2),
(2, 3, 1),
(3, 4, 1),
(3, 5, 2),
(3, 6, 1),
(4, 7, 1),
(4, 8, 1),
(5, 9, 2),
(5, 10, 1),
(6, 11, 1),
(7, 12, 2),
(8, 13, 1),
(9, 14, 1),
(10, 15, 1),
(11, 16, 1),
(12, 17, 1),
(13, 18, 1),
(14, 19, 1),
(15, 20, 1),
(16, 21, 1),
(17, 22, 1),
(18, 23, 1),
(19, 24, 1),
(20, 25, 1),
(21, 26, 1),
(22, 27, 1),
(23, 28, 1),
(24, 29, 1),
(25, 30, 1),
(26, 31, 1),
(27, 32, 1),
(28, 33, 1),
(29, 34, 1),
(30, 35, 1),
(31, 36, 1),
(32, 37, 1),
(33, 38, 1),
(34, 39, 1),
(35, 40, 1),
(36, 1, 1),
(37, 2, 1),
(38, 3, 1),
(39, 4, 1),
(40, 5, 1);
